Bùa,amulet,https://dont-starve-game.fandom.com/vi/wiki/B%C3%B9a,magic
Giáp Cỏ,armorgrass,https://dont-starve-game.fandom.com/vi/wiki/Gi%C3%A1p_C%E1%BB%8F,fight
Giáp Cẩm Thạch,armormarble,https://dont-starve-game.fandom.com/vi/wiki/Gi%C3%A1p_C%E1%BA%A9m_Th%E1%BA%A1ch,fight
Giáp Bóng Tối,armor_sanity,https://dont-starve-game.fandom.com/vi/wiki/Gi%C3%A1p_B%C3%B3ng_T%E1%BB%91i,fight
Giáp Vỏ Sên,armorsnurtleshell,https://dont-starve-game.fandom.com/vi/wiki/Gi%C3%A1p_V%E1%BB%8F_S%C3%AAn,fight
Giáp Gỗ,armorwood,https://dont-starve-game.fandom.com/vi/wiki/Gi%C3%A1p_G%E1%BB%97,fight
Tro,ash,https://dont-starve-game.fandom.com/vi/wiki/Tro,drop
Rìu,axe,https://dont-starve-game.fandom.com/vi/wiki/R%C3%ACu,tool
Rìu Xa Xỉ,goldenaxe,https://dont-starve-game.fandom.com/vi/wiki/R%C3%ACu_Xa_X%E1%BB%89,tool
Ba Lô,backpack,https://dont-starve-game.fandom.com/vi/wiki/Ba_L%C3%B4,survival
Băng Gạc Mật Ong,bandage,https://dont-starve-game.fandom.com/vi/wiki/B%C4%83ng_G%E1%BA%A1c_M%E1%BA%ADt_Ong,survival
Tóc Râu,beardhair,https://dont-starve-game.fandom.com/vi/wiki/T%C3%B3c_R%C3%A2u,other
Chiếu Lông,bedroll_furry,https://dont-starve-game.fandom.com/vi/wiki/Chi%E1%BA%BFu_L%C3%B4ng,survival
Chiếu Rơm,bedroll_straw,https://dont-starve-game.fandom.com/vi/wiki/Chi%E1%BA%BFu_R%C6%A1m,survival
Lông Bò Lai,beefalowool,https://dont-starve-game.fandom.com/vi/wiki/L%C3%B4ng_B%C3%B2_Lai,drop
Bom Ong,beemine,https://dont-starve-game.fandom.com/vi/wiki/Bom_Ong,fight
Maxwell's Mosquito Trap,beemine_maxwell,,other
Bẫy Chim,birdtrap,https://dont-starve-game.fandom.com/vi/wiki/B%E1%BA%ABy_Chim,survival
Đồng Hồ Tượng (Xạc Đạn)]],bishop_charge,,other
Tiêu Mê,blowdart_sleep,https://dont-starve-game.fandom.com/vi/wiki/Ti%C3%AAu_M%C3%AA,fight
Tiêu Lửa,blowdart_fire,https://dont-starve-game.fandom.com/vi/wiki/Ti%C3%AAu_L%E1%BB%ADa,fight
Tiêu Thổi,blowdart_pipe,https://dont-starve-game.fandom.com/vi/wiki/Ti%C3%AAu_Th%E1%BB%95i,fight
Ngọc Lam,bluegem,https://dont-starve-game.fandom.com/vi/wiki/Ng%E1%BB%8Dc_Lam,drop
Ván Ép,boards,https://dont-starve-game.fandom.com/vi/wiki/V%C3%A1n_%C3%89p,refine
Boomerang,boomerang,https://dont-starve-game.fandom.com/vi/wiki/Boomerang,other
Hỏng Công Cụ,brokentool,,other
Lưới Côn Trùng,bugnet,https://dont-starve-game.fandom.com/vi/wiki/L%C6%B0%E1%BB%9Bi_C%C3%B4n_Tr%C3%B9ng,survival
Bơ,butter,https://dont-starve-game.fandom.com/vi/wiki/B%C6%A1,drop
Cánh Bướm,butterflywings,https://dont-starve-game.fandom.com/vi/wiki/C%C3%A1nh_B%C6%B0%E1%BB%9Bm,drop
Gậy Đi Bộ,cane,https://dont-starve-game.fandom.com/vi/wiki/G%E1%BA%ADy_%C4%90i_B%E1%BB%99,dress
Cà Rốt (Trồng),carrot_planted,,other
Than,charcoal,https://dont-starve-game.fandom.com/vi/wiki/Than,drop
Mắt Xương,chester_eyebone,https://dont-starve-game.fandom.com/vi/wiki/M%E1%BA%AFt_X%C6%B0%C6%A1ng,other
Cỏ Cắt,cutgrass,https://dont-starve-game.fandom.com/vi/wiki/C%E1%BB%8F_C%E1%BA%AFt,drop
Lau Cắt,cutreeds,https://dont-starve-game.fandom.com/vi/wiki/Lau_C%E1%BA%AFt,drop
Đá Mài,cutstone,https://dont-starve-game.fandom.com/vi/wiki/%C4%90%C3%A1_M%C3%A0i,refine
Deadly Feast,deadlyfeast,https://dont-starve-game.fandom.com/vi/wiki/Deadly_Feast,other
Cầu Mắt Deerclops,deerclops_eyeball,https://dont-starve-game.fandom.com/vi/wiki/C%E1%BA%A7u_M%E1%BA%AFt_Deerclops,drop
Cột Bói,diviningrod,https://dont-starve-game.fandom.com/vi/wiki/C%E1%BB%99t_B%C3%B3i,science
Trứng,bird_egg,https://dont-starve-game.fandom.com/vi/wiki/Tr%E1%BB%A9ng,drop
Trứng Chín,bird_egg_cooked,https://dont-starve-game.fandom.com/vi/wiki/Tr%E1%BB%A9ng_Ch%C3%ADn,cook
Trứng Thối,rottenegg,https://dont-starve-game.fandom.com/vi/wiki/Tr%E1%BB%A9ng_Th%E1%BB%91i,cook
Lông Đen Nhánh,feather_crow,https://dont-starve-game.fandom.com/vi/wiki/L%C3%B4ng_%C4%90en_Nh%C3%A1nh,drop
Lông Đỏ Thẫm,feather_robin,https://dont-starve-game.fandom.com/vi/wiki/L%C3%B4ng_%C4%90%E1%BB%8F_Th%E1%BA%ABm,drop
Lông Xanh Trong,feather_robin_winter,https://dont-starve-game.fandom.com/vi/wiki/L%C3%B4ng_Xanh_Trong,drop
Gậy Lửa,firestaff,https://dont-starve-game.fandom.com/vi/wiki/G%E1%BA%ADy_L%E1%BB%ADa,magic
Cá,fish,https://dont-starve-game.fandom.com/vi/wiki/C%C3%A1,drop
Cá Chín,fish_cooked,https://dont-starve-game.fandom.com/vi/wiki/C%C3%A1_Ch%C3%ADn,cook
Cần Câu,fishingrod,https://dont-starve-game.fandom.com/vi/wiki/C%E1%BA%A7n_C%C3%A2u,survival
Đá Lửa,flint,https://dont-starve-game.fandom.com/vi/wiki/%C4%90%C3%A1_L%E1%BB%ADa,drop
Đùi Ếch,froglegs,https://dont-starve-game.fandom.com/vi/wiki/%C4%90%C3%B9i_%E1%BA%BEch,drop
Đùi Ếch Chín,froglegs_cooked,https://dont-starve-game.fandom.com/vi/wiki/%C4%90%C3%B9i_%E1%BA%BEch_Ch%C3%ADn,cook
Bánh Răng,gears,https://dont-starve-game.fandom.com/vi/wiki/B%C3%A1nh_R%C4%83ng,drop
Vàng Thỏi,goldnugget,https://dont-starve-game.fandom.com/vi/wiki/V%C3%A0ng_Th%E1%BB%8Fi,drop
Phân Dơi,guano,https://dont-starve-game.fandom.com/vi/wiki/Ph%C3%A2n_D%C6%A1i,drop
Thuốc Nổ,gunpowder,https://dont-starve-game.fandom.com/vi/wiki/Thu%E1%BB%91c_N%E1%BB%95,science
Chày Thịt,hambat,https://dont-starve-game.fandom.com/vi/wiki/Ch%C3%A0y_Th%E1%BB%8Bt,fight
Búa,hammer,https://dont-starve-game.fandom.com/vi/wiki/B%C3%BAa,fight
Nón Rơm,strawhat,https://dont-starve-game.fandom.com/vi/wiki/N%C3%B3n_R%C6%A1m,dress
Nón Chóp Cao,tophat,https://dont-starve-game.fandom.com/vi/wiki/N%C3%B3n_Ch%C3%B3p_Cao,dress
Mũ Sừng Bò,beefalohat,https://dont-starve-game.fandom.com/vi/wiki/M%C5%A9_S%E1%BB%ABng_B%C3%B2,dress
Mũ Lông Chim,featherhat,https://dont-starve-game.fandom.com/vi/wiki/M%C5%A9_L%C3%B4ng_Chim,dress
Mũ Chăn Ong,beehat,https://dont-starve-game.fandom.com/vi/wiki/M%C5%A9_Ch%C4%83n_Ong,dress
Mũ Thợ Mỏ,minerhat,https://dont-starve-game.fandom.com/vi/wiki/M%C5%A9_Th%E1%BB%A3_M%E1%BB%8F,light
Mũ Nhện,spiderhat,https://dont-starve-game.fandom.com/vi/wiki/M%C5%A9_Nh%E1%BB%87n,fight
Nón Bầu Dục,footballhat,https://dont-starve-game.fandom.com/vi/wiki/N%C3%B3n_B%E1%BA%A7u_D%E1%BB%A5c,fight
Chụp Tai Lông Thỏ,earmuffshat,https://dont-starve-game.fandom.com/vi/wiki/Ch%E1%BB%A5p_Tai_L%C3%B4ng_Th%E1%BB%8F,dress
Mũ Mùa Đông,winterhat,https://dont-starve-game.fandom.com/vi/wiki/M%C5%A9_M%C3%B9a_%C4%90%C3%B4ng,dress
Mũ Bụi Cây,bushhat,https://dont-starve-game.fandom.com/vi/wiki/M%C5%A9_B%E1%BB%A5i_C%C3%A2y,dress
Vòng Hoa,flowerhat,https://dont-starve-game.fandom.com/vi/wiki/V%C3%B2ng_Hoa,dress
Mũ bêrê Ê-cốt,walrushat,https://dont-starve-game.fandom.com/vi/wiki/M%C5%A9_b%C3%AAr%C3%AA_%C3%8A-c%E1%BB%91t,dress
Mũ Vỏ Ốc,slurtlehat,https://dont-starve-game.fandom.com/vi/wiki/M%C5%A9_V%E1%BB%8F_%E1%BB%90c,dress
Thuốc Cầm Máu,healingsalve,https://dont-starve-game.fandom.com/vi/wiki/Thu%E1%BB%91c_C%E1%BA%A7m_M%C3%A1u,survival
Đá Nhiệt,heatrock,https://dont-starve-game.fandom.com/vi/wiki/%C4%90%C3%A1_Nhi%E1%BB%87t,survival
Mật Ong,honey,https://dont-starve-game.fandom.com/vi/wiki/M%E1%BA%ADt_Ong,drop
Bánh Mật,honeycomb,https://dont-starve-game.fandom.com/vi/wiki/B%C3%A1nh_M%E1%BA%ADt,drop
Sừng Bò Lai,horn,https://dont-starve-game.fandom.com/vi/wiki/S%E1%BB%ABng_B%C3%B2_Lai,drop
Nanh Chó Săn,houndstooth,https://dont-starve-game.fandom.com/vi/wiki/Nanh_Ch%C3%B3_S%C4%83n,drop
Ngọc Đỏ,greengem,https://dont-starve-game.fandom.com/vi/wiki/Ng%E1%BB%8Dc_%C4%90%E1%BB%8F,drop
Gậy Băng,icestaff,https://dont-starve-game.fandom.com/vi/wiki/G%E1%BA%ADy_B%C4%83ng,magic
Cẩm Thạch,marble,https://dont-starve-game.fandom.com/vi/wiki/C%E1%BA%A9m_Th%E1%BA%A1ch,drop
Đá,rocks,https://dont-starve-game.fandom.com/vi/wiki/%C4%90%C3%A1,drop
Túi Krampus,krampus_sack,https://dont-starve-game.fandom.com/vi/wiki/T%C3%BAi_Krampus,survival
Trái Đèn,lightbulb,https://dont-starve-game.fandom.com/vi/wiki/Tr%C3%A1i_%C4%90%C3%A8n,drop
Gỗ Sống,livinglog,https://dont-starve-game.fandom.com/vi/wiki/G%E1%BB%97_S%E1%BB%91ng,drop
Gỗ,log,https://dont-starve-game.fandom.com/vi/wiki/G%E1%BB%97,drop
Lông Đuôi Thỏ,manrabbit_tail,https://dont-starve-game.fandom.com/vi/wiki/L%C3%B4ng_%C4%90u%C3%B4i_Th%E1%BB%8F,drop
Shadow Key,maxwellkey,,other
Thịt,meat,https://dont-starve-game.fandom.com/vi/wiki/Th%E1%BB%8Bt,drop
Thịt Chín,cookedmeat,https://dont-starve-game.fandom.com/vi/wiki/Th%E1%BB%8Bt_Ch%C3%ADn,cook
Thịt Khô,meat_dried,https://dont-starve-game.fandom.com/vi/wiki/Th%E1%BB%8Bt_Kh%C3%B4,cook
Thịt Quái,monstermeat,https://dont-starve-game.fandom.com/vi/wiki/Th%E1%BB%8Bt_Qu%C3%A1i,drop
Thịt Quái Chín,cookedmonstermeat,https://dont-starve-game.fandom.com/vi/wiki/Th%E1%BB%8Bt_Qu%C3%A1i_Ch%C3%ADn,cook
Thịt Quái Khô,monstermeat_dried,https://dont-starve-game.fandom.com/vi/wiki/Th%E1%BB%8Bt_Qu%C3%A1i_Kh%C3%B4,cook
Thịt Nhỏ,smallmeat,https://dont-starve-game.fandom.com/vi/wiki/Th%E1%BB%8Bt_Nh%E1%BB%8F,drop
Thịt Nhỏ Chín,cookedsmallmeat,https://dont-starve-game.fandom.com/vi/wiki/Th%E1%BB%8Bt_Nh%E1%BB%8F_Ch%C3%ADn,cook
Thịt Khô Nhỏ,smallmeat_dried,https://dont-starve-game.fandom.com/vi/wiki/Th%E1%BB%8Bt_Kh%C3%B4_Nh%E1%BB%8F,cook
Thịt Đùi,drumstick,https://dont-starve-game.fandom.com/vi/wiki/Th%E1%BB%8Bt_%C4%90%C3%B9i,drop
Thịt Đùi Rán,drumstick_cooked,https://dont-starve-game.fandom.com/vi/wiki/Th%E1%BB%8Bt_%C4%90%C3%B9i_R%C3%A1n,cook
Cánh Dơi Tử Xà,batwing,https://dont-starve-game.fandom.com/vi/wiki/C%C3%A1nh_D%C6%A1i_T%E1%BB%AD_X%C3%A0,drop
Cánh Dơi Tử Xà Chín,batwing_cooked,https://dont-starve-game.fandom.com/vi/wiki/C%C3%A1nh_D%C6%A1i_T%E1%BB%AD_X%C3%A0_Ch%C3%ADn,cook
Đèn Lồng,lantern,https://dont-starve-game.fandom.com/vi/wiki/%C4%90%C3%A8n_L%E1%BB%93ng,light
Mũ Nấm Đỏ,red_cap,https://dont-starve-game.fandom.com/vi/wiki/M%C5%A9_N%E1%BA%A5m_%C4%90%E1%BB%8F,drop
Mũ Nấm Đỏ Chín,red_cap_cooked,https://dont-starve-game.fandom.com/vi/wiki/M%C5%A9_N%E1%BA%A5m_%C4%90%E1%BB%8F_Ch%C3%ADn,cook
Mũ Nấm Lục,green_cap,https://dont-starve-game.fandom.com/vi/wiki/M%C5%A9_N%E1%BA%A5m_L%E1%BB%A5c,drop
Mũ Nấm Lục Chín,green_cap_cooked,https://dont-starve-game.fandom.com/vi/wiki/M%C5%A9_N%E1%BA%A5m_L%E1%BB%A5c_Ch%C3%ADn,cook
Mũ Nấm Lam,blue_cap,https://dont-starve-game.fandom.com/vi/wiki/M%C5%A9_N%E1%BA%A5m_Lam,drop
Mũ Nấm Lam Chín,blue_cap_cooked,https://dont-starve-game.fandom.com/vi/wiki/M%C5%A9_N%E1%BA%A5m_Lam_Ch%C3%ADn,cook
Nhiên Liệu Ác Mộng,nightmarefuel,https://dont-starve-game.fandom.com/vi/wiki/Nhi%C3%AAn_Li%E1%BB%87u_%C3%81c_M%E1%BB%99ng,refine
Gươm Đen,nightsword,https://dont-starve-game.fandom.com/vi/wiki/G%C6%B0%C6%A1m_%C4%90en,fight
Tiêu Thạch,nitre,https://dont-starve-game.fandom.com/vi/wiki/Ti%C3%AAu_Th%E1%BA%A1ch,drop
Người Hát Rong,onemanband,https://dont-starve-game.fandom.com/vi/wiki/Ng%C6%B0%E1%BB%9Di_H%C3%A1t_Rong,magic
Sáo Thần Pan,panflute,https://dont-starve-game.fandom.com/vi/wiki/S%C3%A1o_Th%E1%BA%A7n_Pan,magic
Giấy Cói,papyrus,https://dont-starve-game.fandom.com/vi/wiki/Gi%E1%BA%A5y_C%C3%B3i,refine
Cánh Hoa,petals,https://dont-starve-game.fandom.com/vi/wiki/C%C3%A1nh_Hoa,drop
Cánh Hoa Đen,petals_evil,https://dont-starve-game.fandom.com/vi/wiki/C%C3%A1nh_Hoa_%C4%90en,drop
Cuốc,pickaxe,https://dont-starve-game.fandom.com/vi/wiki/Cu%E1%BB%91c,tool
Cuốc Sang Trọng,goldenpickaxe,,tool
Cặp Da Lợn,piggyback,https://dont-starve-game.fandom.com/vi/wiki/C%E1%BA%B7p_Da_L%E1%BB%A3n,survival
Da Lợn,pigskin,https://dont-starve-game.fandom.com/vi/wiki/Da_L%E1%BB%A3n,drop
Quả Thông,pinecone,https://dont-starve-game.fandom.com/vi/wiki/Qu%E1%BA%A3_Th%C3%B4ng,drop
Chĩa,pitchfork,https://dont-starve-game.fandom.com/vi/wiki/Ch%C4%A9a,tool
Phân,poop,https://dont-starve-game.fandom.com/vi/wiki/Ph%C3%A2n,drop
Bánh Thanh Long,dragonpie,https://dont-starve-game.fandom.com/vi/wiki/B%C3%A1nh_Thanh_Long,cook
Bánh Quế,waffles,https://dont-starve-game.fandom.com/vi/wiki/B%C3%A1nh_Qu%E1%BA%BF,cook
Rau Củ Hầm,ratatouille,https://dont-starve-game.fandom.com/vi/wiki/Rau_C%E1%BB%A7_H%E1%BA%A7m,cook
Trái Cây Trộn,fruitmedley,https://dont-starve-game.fandom.com/vi/wiki/Tr%C3%A1i_C%C3%A2y_Tr%E1%BB%99n,cook
Lasagna Thịt Quái,monsterlasagna,https://dont-starve-game.fandom.com/vi/wiki/Lasagna_Th%E1%BB%8Bt_Qu%C3%A1i,cook
Bánh Bột,powcake,https://dont-starve-game.fandom.com/vi/wiki/B%C3%A1nh_B%E1%BB%99t,cook
Bunwich Đùi Ếch,frogglebunwich,https://dont-starve-game.fandom.com/vi/wiki/Bunwich_%C4%90%C3%B9i_%E1%BA%BEch,cook
Cookie Bí Ngô,pumpkincookie,https://dont-starve-game.fandom.com/vi/wiki/Cookie_B%C3%AD_Ng%C3%B4,cook
Giăm Bông Mật Ong,honeyham,https://dont-starve-game.fandom.com/vi/wiki/Gi%C4%83m_B%C3%B4ng_M%E1%BA%ADt_Ong,cook
Thịt Viên,meatballs,https://dont-starve-game.fandom.com/vi/wiki/Th%E1%BB%8Bt_Vi%C3%AAn,cook
Dịch Ướt,wetgoop,https://dont-starve-game.fandom.com/vi/wiki/D%E1%BB%8Bch_%C6%AF%E1%BB%9Bt,cook
Cà Tím Nhồi,stuffedeggplant,https://dont-starve-game.fandom.com/vi/wiki/C%C3%A0_T%C3%ADm_Nh%E1%BB%93i,cook
Kẹo Bơ Cứng,taffy,https://dont-starve-game.fandom.com/vi/wiki/K%E1%BA%B9o_B%C6%A1_C%E1%BB%A9ng,cook
Bánh Cốm Mật Ong,honeynuggets,https://dont-starve-game.fandom.com/vi/wiki/B%C3%A1nh_C%E1%BB%91m_M%E1%BA%ADt_Ong,cook
Tiệc Gà Tây,turkeydinner,https://dont-starve-game.fandom.com/vi/wiki/Ti%E1%BB%87c_G%C3%A0_T%C3%A2y,cook
Cá Que,fishsticks,https://dont-starve-game.fandom.com/vi/wiki/C%C3%A1_Que,cook
Nắm Mứt Đầy,jammypreserves,https://dont-starve-game.fandom.com/vi/wiki/N%E1%BA%AFm_M%E1%BB%A9t_%C4%90%E1%BA%A7y,cook
Tacos Cá,fishtacos,https://dont-starve-game.fandom.com/vi/wiki/Tacos_C%C3%A1,cook
Muffin Bơ,butterflymuffin,https://dont-starve-game.fandom.com/vi/wiki/Muffin_B%C6%A1,cook
Bánh Xếp Ba Lan,perogies,,cook
Thịt Xiên,kabobs,https://dont-starve-game.fandom.com/vi/wiki/Th%E1%BB%8Bt_Xi%C3%AAn,cook
Thịt Hầm,bonestew,https://dont-starve-game.fandom.com/vi/wiki/Th%E1%BB%8Bt_H%E1%BA%A7m,cook
Trứng Thịt Xông Khói,baconeggs,https://dont-starve-game.fandom.com/vi/wiki/Tr%E1%BB%A9ng_Th%E1%BB%8Bt_X%C3%B4ng_Kh%C3%B3i,cook
Súp Nhân Sâm,mandrakesoup,https://dont-starve-game.fandom.com/vi/wiki/S%C3%BAp_Nh%C3%A2n_S%C3%A2m,cook
Ngọc Tím,purplegem,https://dont-starve-game.fandom.com/vi/wiki/Ng%E1%BB%8Dc_T%C3%ADm,refine
Dao Cạo,razor,https://dont-starve-game.fandom.com/vi/wiki/Dao_C%E1%BA%A1o,tool
Ngọc Đỏ,redgem,https://dont-starve-game.fandom.com/vi/wiki/Ng%E1%BB%8Dc_%C4%90%E1%BB%8F,drop
Dây Thừng,rope,https://dont-starve-game.fandom.com/vi/wiki/D%C3%A2y_Th%E1%BB%ABng,refine
Hạt Giống,seeds,https://dont-starve-game.fandom.com/vi/wiki/H%E1%BA%A1t_Gi%E1%BB%91ng,drop
Hạt Giống Nướng,seeds_cooked,https://dont-starve-game.fandom.com/vi/wiki/H%E1%BA%A1t_Gi%E1%BB%91ng_N%C6%B0%E1%BB%9Bng,cook
Cuộn Kim Khâu,sewing_kit,https://dont-starve-game.fandom.com/vi/wiki/Cu%E1%BB%99n_Kim_Kh%C3%A2u,dress
Xẻng,shovel,https://dont-starve-game.fandom.com/vi/wiki/X%E1%BA%BBng,tool
Xẻng Vương Giả,goldenshovel,https://dont-starve-game.fandom.com/vi/wiki/X%E1%BA%BBng_V%C6%B0%C6%A1ng_Gi%E1%BA%A3,tool
Tơ,silk,https://dont-starve-game.fandom.com/vi/wiki/T%C6%A1,drop
Nhớt Sên Rùa,slurtleslime,https://dont-starve-game.fandom.com/vi/wiki/Nh%E1%BB%9Bt_S%C3%AAn_R%C3%B9a,drop
Vỏ Bể,slurtle_shellpieces,https://dont-starve-game.fandom.com/vi/wiki/V%E1%BB%8F_B%E1%BB%83,drop
Giáo,spear,https://dont-starve-game.fandom.com/vi/wiki/Gi%C3%A1o,fight
Trứng Nhện,spidereggsack,https://dont-starve-game.fandom.com/vi/wiki/Tr%E1%BB%A9ng_Nh%E1%BB%87n,drop
Hạch Nhện,spidergland,https://dont-starve-game.fandom.com/vi/wiki/H%E1%BA%A1ch_Nh%E1%BB%87n,drop
Đạn Nhện Phun Bọt,spider_web_spit,,other
Đạn Gậy Băng,ice_projectile,,other
Đạn Gậy Lửa,fire_projectile,,other
Nọc,stinger,https://dont-starve-game.fandom.com/vi/wiki/N%E1%BB%8Dc,drop
Vest Bảnh Bao,sweatervest,https://dont-starve-game.fandom.com/vi/wiki/Vest_B%E1%BA%A3nh_Bao,dress
Chùy Thulecite,ruins_bat,https://dont-starve-game.fandom.com/vi/wiki/Ch%C3%B9y_Thulecite,ancient
Trứng Chân Cao,tallbirdegg,https://dont-starve-game.fandom.com/vi/wiki/Tr%E1%BB%A9ng_Ch%C3%A2n_Cao,drop
Trứng Chân Cao Sắp Nở,tallbirdegg_cracked,https://dont-starve-game.fandom.com/vi/wiki/Tr%E1%BB%A9ng_Ch%C3%A2n_Cao_S%E1%BA%AFp_N%E1%BB%9F,drop
Trứng Chân Cao Chiên,tallbirdegg_cooked,https://dont-starve-game.fandom.com/vi/wiki/Tr%E1%BB%A9ng_Ch%C3%A2n_Cao_Chi%C3%AAn,cook
Đồ Vòng,teleportato_ring,https://dont-starve-game.fandom.com/vi/wiki/%C4%90%E1%BB%93_V%C3%B2ng,other
Đồ Gỗ,teleportato_base,https://dont-starve-game.fandom.com/vi/wiki/%C4%90%E1%BB%93_G%E1%BB%97,other
Đồ Hộp,teleportato_box,https://dont-starve-game.fandom.com/vi/wiki/%C4%90%E1%BB%93_H%E1%BB%99p,other
Đồ Tay Quây,teleportato_crank,https://dont-starve-game.fandom.com/vi/wiki/%C4%90%E1%BB%93_Tay_Qu%C3%A2y,other
Đồ Khoai Tây Kim Loại,teleportato_potato,https://dont-starve-game.fandom.com/vi/wiki/%C4%90%E1%BB%93_Khoai_T%C3%A2y_Kim_Lo%E1%BA%A1i,other
Chày Gai Xúc Tua,tentaclespike,https://dont-starve-game.fandom.com/vi/wiki/Ch%C3%A0y_Gai_X%C3%BAc_Tua,fight
Đốm Xúc Tua,tentaclespots,https://dont-starve-game.fandom.com/vi/wiki/%C4%90%E1%BB%91m_X%C3%BAc_Tua,drop
Đuốc,torch,https://dont-starve-game.fandom.com/vi/wiki/%C4%90u%E1%BB%91c,light
Bẫy,trap,https://dont-starve-game.fandom.com/vi/wiki/B%E1%BA%ABy,survival
Bẫy Răng,trap_teeth,https://dont-starve-game.fandom.com/vi/wiki/B%E1%BA%ABy_R%C4%83ng,fight
Bẫy Răng Maxwell,trap_teeth_maxwell,https://dont-starve-game.fandom.com/vi/wiki/B%E1%BA%ABy_R%C4%83ng_Maxwell,fight
Bi Nóng Chảy,trinket_1,https://dont-starve-game.fandom.com/vi/wiki/Bi_N%C3%B3ng_Ch%E1%BA%A3y,trinket
Sáo Cadu Giả,trinket_2,https://dont-starve-game.fandom.com/vi/wiki/S%C3%A1o_Cadu_Gi%E1%BA%A3,trinket
Nút Thắt Gord,trinket_3,https://dont-starve-game.fandom.com/vi/wiki/N%C3%BAt_Th%E1%BA%AFt_Gord,trinket
Quỷ Lùn,trinket_4,https://dont-starve-game.fandom.com/vi/wiki/Qu%E1%BB%B7_L%C3%B9n,trinket
Tên Lửa Tí Hon,trinket_5,https://dont-starve-game.fandom.com/vi/wiki/T%C3%AAn_L%E1%BB%ADa_T%C3%AD_Hon,trinket
Dây Điện Mòn,trinket_6,https://dont-starve-game.fandom.com/vi/wiki/D%C3%A2y_%C4%90i%E1%BB%87n_M%C3%B2n,trinket
Bóng và Cúp,trinket_7,https://dont-starve-game.fandom.com/vi/wiki/B%C3%B3ng_v%C3%A0_C%C3%BAp,trinket
Nút Cao Su Cứng,trinket_8,https://dont-starve-game.fandom.com/vi/wiki/N%C3%BAt_Cao_Su_C%E1%BB%A9ng,trinket
Nút Thiếu Khớp,trinket_9,https://dont-starve-game.fandom.com/vi/wiki/N%C3%BAt_Thi%E1%BA%BFu_Kh%E1%BB%9Bp,trinket
Răng Giả Cũ,trinket_10,https://dont-starve-game.fandom.com/vi/wiki/R%C4%83ng_Gi%E1%BA%A3_C%C5%A9,trinket
Robot Nói Dối,trinket_11,https://dont-starve-game.fandom.com/vi/wiki/Robot_N%C3%B3i_D%E1%BB%91i,trinket
Xúc Tua Sấy Khô,trinket_12,https://dont-starve-game.fandom.com/vi/wiki/X%C3%BAc_Tua_S%E1%BA%A5y_Kh%C3%B4,trinket
Vòi Voi Túi,trunk_summer,https://dont-starve-game.fandom.com/vi/wiki/V%C3%B2i_Voi_T%C3%BAi,drop
Vòi Voi Túi Đông,trunk_winter,https://dont-starve-game.fandom.com/vi/wiki/V%C3%B2i_Voi_T%C3%BAi_%C4%90%C3%B4ng,drop
Vòi Voi Bít Tết,trunk_cooked,https://dont-starve-game.fandom.com/vi/wiki/V%C3%B2i_Voi_B%C3%ADt_T%E1%BA%BFt,cook
Vest Mát Mẻ,trunkvest_summer,https://dont-starve-game.fandom.com/vi/wiki/Vest_M%C3%A1t_M%E1%BA%BB,dress
Vest Phùng,trunkvest_winter,https://dont-starve-game.fandom.com/vi/wiki/Vest_Ph%C3%B9ng,dress
Cành Cây,twigs,https://dont-starve-game.fandom.com/vi/wiki/C%C3%A0nh_C%C3%A2y,drop
Dù,umbrella,https://dont-starve-game.fandom.com/vi/wiki/D%C3%B9,survival
Cà Rốt,carrot,https://dont-starve-game.fandom.com/vi/wiki/C%C3%A0_R%E1%BB%91t,drop
Cà Rốt Rang,carrot_cooked,https://dont-starve-game.fandom.com/vi/wiki/C%C3%A0_R%E1%BB%91t_Rang,cook
Hạt Cà Rốt,carrot_seeds,https://dont-starve-game.fandom.com/vi/wiki/H%E1%BA%A1t_C%C3%A0_R%E1%BB%91t,drop
Bắp,corn,https://dont-starve-game.fandom.com/vi/wiki/B%E1%BA%AFp,drop
Bắp Rang,corn_cooked,https://dont-starve-game.fandom.com/vi/wiki/B%E1%BA%AFp_Rang,cook
Hạt Bắp,corn_seeds,https://dont-starve-game.fandom.com/vi/wiki/H%E1%BA%A1t_B%E1%BA%AFp,drop
Dâu Rừng,berries,https://dont-starve-game.fandom.com/vi/wiki/D%C3%A2u_R%E1%BB%ABng,drop
Dâu Rừng Rang,berries_cooked,https://dont-starve-game.fandom.com/vi/wiki/D%C3%A2u_R%E1%BB%ABng_Rang,cook
Bí Ngô,pumpkin,https://dont-starve-game.fandom.com/vi/wiki/B%C3%AD_Ng%C3%B4,drop
Bí Ngô,pumpkin_cooked,https://dont-starve-game.fandom.com/vi/wiki/B%C3%AD_Ng%C3%B4,cook
Hạt Bí Ngô,pumpkin_seeds,https://dont-starve-game.fandom.com/vi/wiki/H%E1%BA%A1t_B%C3%AD_Ng%C3%B4,drop
Thạch Lựu,pomegranate,https://dont-starve-game.fandom.com/vi/wiki/Th%E1%BA%A1ch_L%E1%BB%B1u,drop
Thạch Lựu Cắt Lát,pomegranate_cooked,https://dont-starve-game.fandom.com/vi/wiki/Th%E1%BA%A1ch_L%E1%BB%B1u_C%E1%BA%AFt_L%C3%A1t,cook
Hạt Thạch Lựu,pomegranate_seeds,https://dont-starve-game.fandom.com/vi/wiki/H%E1%BA%A1t_Th%E1%BA%A1ch_L%E1%BB%B1u,drop
Cà Tím,eggplant,https://dont-starve-game.fandom.com/vi/wiki/C%C3%A0_T%C3%ADm,drop
Cà Tím Hầm,eggplant_cooked,https://dont-starve-game.fandom.com/vi/wiki/C%C3%A0_T%C3%ADm_H%E1%BA%A7m,cook
Hạt Cà Tím,eggplant_seeds,https://dont-starve-game.fandom.com/vi/wiki/H%E1%BA%A1t_C%C3%A0_T%C3%ADm,drop
Sầu Riêng,durian,https://dont-starve-game.fandom.com/vi/wiki/S%E1%BA%A7u_Ri%C3%AAng,drop
Sầu Riêng Nặng Mùi,durian_cooked,https://dont-starve-game.fandom.com/vi/wiki/S%E1%BA%A7u_Ri%C3%AAng_N%E1%BA%B7ng_M%C3%B9i,cook
Hạt Sầu Riêng,durian_seeds,https://dont-starve-game.fandom.com/vi/wiki/H%E1%BA%A1t_S%E1%BA%A7u_Ri%C3%AAng,drop
Thanh Long,dragonfruit,https://dont-starve-game.fandom.com/vi/wiki/Thanh_Long,drop
Thanh Long Xắt Lát,dragonfruit_cooked,https://dont-starve-game.fandom.com/vi/wiki/Thanh_Long_X%E1%BA%AFt_L%C3%A1t,cook
Hạt Thanh Long,dragonfruit_seeds,https://dont-starve-game.fandom.com/vi/wiki/H%E1%BA%A1t_Thanh_Long,drop
Ngà Hải Mã,walrus_tusk,https://dont-starve-game.fandom.com/vi/wiki/Ng%C3%A0_H%E1%BA%A3i_M%C3%A3,drop
Cây Rìu Lucy,lucy,https://dont-starve-game.fandom.com/vi/wiki/C%C3%A2y_R%C3%ACu_Lucy,other
Gậy Dịch Chuyển,telestaff,https://dont-starve-game.fandom.com/vi/wiki/G%E1%BA%ADy_D%E1%BB%8Bch_Chuy%E1%BB%83n,magic
Lá Cây,foliage,https://dont-starve-game.fandom.com/vi/wiki/L%C3%A1_C%C3%A2y,drop
Củ Tươi,lureplantbulb,https://dont-starve-game.fandom.com/vi/wiki/C%E1%BB%A7_T%C6%B0%C6%A1i,drop
Máy Khoa Học,researchlab,https://dont-starve-game.fandom.com/vi/wiki/M%C3%A1y_Khoa_H%E1%BB%8Dc,science
Ngọc Lục,greengem,https://dont-starve-game.fandom.com/vi/wiki/Ng%E1%BB%8Dc_L%E1%BB%A5c,drop
Ngọc Cam,orangegem,https://dont-starve-game.fandom.com/vi/wiki/Ng%E1%BB%8Dc_Cam,drop
Ngọc Vàng,yellowgem,https://dont-starve-game.fandom.com/vi/wiki/Ng%E1%BB%8Dc_V%C3%A0ng,drop
Thulecite,thulecite,https://dont-starve-game.fandom.com/vi/wiki/Thulecite,ancient
Bùa Kết Cấu,greenamulet,https://dont-starve-game.fandom.com/vi/wiki/B%C3%B9a_K%E1%BA%BFt_C%E1%BA%A5u,ancient
Da Con Mút,slurper_pelt,https://dont-starve-game.fandom.com/vi/wiki/Da_Con_M%C3%BAt,drop